1,1428,03-01-2023 22:08:22
2,695,24-12-2021 08:26:29
3,50,30-12-2020 12:35:52
4,352,19-08-2023 00:48:06
5,897,03-07-2023 09:12:13
6,460,11-07-2023 11:36:22
7,1363,06-04-2023 22:24:53
8,171,29-10-2021 12:05:45
9,239,01-05-2021 16:56:02
10,1559,05-04-2020 12:05:17
11,578,30-01-2023 12:58:44
12,639,28-10-2020 09:29:32
13,93,16-09-2020 13:20:55
14,234,13-04-2021 17:59:26
15,961,30-11-2021 10:23:17
16,1366,13-10-2020 07:19:43
17,1720,09-06-2022 07:04:45
18,557,21-11-2022 13:09:32
19,1971,11-10-2023 07:00:39
20,1843,14-01-2020 15:39:06
21,1258,24-09-2021 21:24:09
22,382,08-05-2022 02:52:03
23,871,09-12-2023 12:09:44
24,1182,23-06-2020 21:47:30
25,1590,01-04-2021 00:27:20
26,598,10-01-2022 11:08:17
27,1157,22-10-2020 15:49:27
28,178,19-02-2022 04:56:31
29,405,16-04-2021 13:54:44
30,1513,05-12-2020 08:42:56
31,767,19-08-2023 22:14:18
32,1686,20-02-2020 10:50:05
33,1072,04-01-2023 21:46:58
34,1954,13-07-2020 04:48:59
35,958,28-09-2020 14:31:46
36,1749,16-03-2020 11:34:34
37,1222,09-12-2021 00:46:21
38,1940,26-09-2022 02:37:10
39,507,13-03-2021 11:19:15
40,815,15-11-2020 20:37:16
41,538,28-05-2020 13:52:28
42,608,03-10-2023 06:17:31
43,1522,10-09-2023 18:28:26
44,404,14-07-2023 21:00:39
45,1960,24-07-2023 14:21:56
46,1016,22-11-2021 07:45:32
47,1405,30-09-2022 10:05:33
48,486,11-04-2020 04:31:16
49,1245,18-01-2023 11:55:29
50,443,25-12-2023 16:37:21
51,1757,29-10-2021 19:23:19
52,1847,16-04-2022 23:35:15
53,1921,09-02-2022 01:58:04
54,205,24-06-2022 09:58:16
55,679,01-08-2022 13:59:54
56,1978,28-09-2020 20:40:42
57,11,23-07-2020 09:26:04
58,1298,03-11-2022 15:28:30
59,573,14-06-2020 09:39:54
60,277,31-05-2022 04:32:28
61,946,04-07-2021 06:51:50
62,1604,06-06-2021 23:23:06
63,1657,19-08-2023 07:43:02
64,1250,05-01-2023 15:45:30
65,1380,28-09-2020 06:38:29
66,454,27-06-2021 05:46:04
67,869,05-05-2020 14:19:04
68,134,25-05-2023 15:27:01
69,408,21-08-2023 00:41:47
70,682,27-08-2022 20:49:01
71,192,01-08-2023 06:47:04
72,692,20-04-2021 16:32:20
73,897,04-03-2023 04:33:24
74,1240,30-05-2022 04:34:15
75,801,17-05-2021 02:25:46
76,1477,05-02-2023 18:43:10
77,4,09-05-2023 23:35:30
78,1975,16-02-2020 05:14:12
79,221,10-07-2022 01:21:24
80,802,08-04-2021 08:06:58
81,892,08-02-2021 12:06:41
82,662,31-12-2023 13:01:50
83,253,26-08-2021 09:41:44
84,919,19-01-2020 07:49:29
85,60,02-12-2021 08:08:04
86,89,28-02-2023 06:17:18
87,1477,31-08-2020 12:39:11
88,17,13-06-2021 06:34:18
89,1397,09-01-2023 12:32:41
90,1393,16-12-2021 23:36:00
91,1914,12-10-2021 20:04:08
92,1266,01-09-2022 03:08:51
93,1945,20-07-2020 18:43:42
94,1393,18-03-2023 11:57:44
95,593,22-02-2020 04:43:36
96,1710,18-01-2020 19:31:49
97,1294,31-10-2021 22:11:35
98,1871,16-04-2021 16:53:47
99,743,26-06-2022 08:04:10
100,1252,27-06-2022 08:42:42
101,1627,08-02-2022 15:52:51
102,578,15-01-2022 23:22:25
103,557,14-06-2023 07:27:04
104,741,12-08-2023 04:53:30
105,1503,02-05-2023 19:38:07
106,1159,27-10-2022 11:06:30
107,221,28-03-2023 06:52:13
108,1237,18-07-2023 13:32:41
109,1119,30-11-2022 23:42:06
110,337,15-11-2023 13:37:27
111,360,15-02-2021 14:04:06
112,1634,28-09-2022 12:34:02
113,409,20-05-2020 01:40:32
114,1234,20-11-2022 22:06:19
115,700,05-07-2021 06:06:38
116,982,04-09-2021 11:33:17
117,1998,04-07-2021 09:26:33
118,108,30-05-2021 07:47:59
119,378,11-03-2022 11:10:32
120,1891,26-02-2022 09:43:00
121,1149,26-01-2020 01:18:02
122,1418,02-11-2021 07:05:34
123,1149,14-03-2023 12:20:48
124,743,10-11-2023 18:14:12
125,1641,04-09-2022 17:10:43
126,1898,14-12-2023 13:34:39
127,1011,02-05-2022 22:48:50
128,1381,28-01-2020 09:00:17
129,1462,10-03-2022 17:09:31
130,1474,31-05-2020 08:59:20
131,1338,13-10-2023 13:14:09
132,1083,06-10-2022 21:26:26
133,1790,07-03-2023 12:35:51
134,641,23-04-2023 20:46:50
135,1228,07-01-2022 05:32:39
136,1615,03-05-2023 18:46:01
137,168,11-08-2020 15:54:47
138,1654,17-08-2020 00:14:08
139,1680,21-12-2023 01:35:45
140,431,12-02-2021 01:25:53
141,1527,01-11-2022 06:27:42
142,1675,28-08-2020 14:52:21
143,1130,07-10-2020 17:25:49
144,1387,27-11-2021 10:18:24
145,1966,16-05-2021 13:29:17
146,78,06-11-2021 11:57:39
147,257,02-07-2021 20:15:39
148,1833,14-04-2021 06:56:53
149,71,17-05-2023 14:47:28
150,1256,09-07-2022 01:54:44
151,566,09-11-2020 11:28:44
152,1866,27-01-2023 13:47:06
153,1118,01-10-2023 09:38:11
154,1265,18-11-2023 12:16:45
155,40,15-08-2022 20:36:47
156,1771,25-12-2020 00:56:48
157,387,07-06-2021 13:27:23
158,578,28-07-2022 16:09:36
159,1693,16-12-2021 04:37:13
160,1951,22-06-2020 07:30:39
161,983,21-06-2022 07:48:37
162,93,05-09-2021 14:50:10
163,1175,10-11-2020 19:33:21
164,663,06-09-2020 20:18:29
165,1708,19-09-2022 00:59:44
166,1284,13-12-2022 06:48:51
167,1723,21-01-2022 21:16:18
168,509,01-03-2020 11:24:08
169,1479,30-01-2022 19:03:24
170,145,16-04-2022 16:36:56
171,105,24-08-2022 10:05:25
172,1077,21-01-2020 16:54:03
173,460,18-05-2020 06:52:56
174,1150,13-10-2023 09:53:21
175,1851,28-10-2021 22:35:39
176,161,16-12-2020 23:00:53
177,1130,06-10-2022 23:30:49
178,1927,19-12-2023 08:29:30
179,373,30-06-2023 17:24:12
180,495,06-07-2021 13:55:36
181,976,27-09-2021 01:19:13
182,27,12-12-2023 03:57:42
183,877,27-05-2020 17:07:07
184,1041,29-04-2022 11:45:45
185,469,28-08-2020 23:38:12
186,153,11-06-2023 05:06:03
187,350,23-04-2023 14:46:35
188,1623,09-07-2022 16:57:57
189,1828,21-01-2022 00:07:32
190,1691,18-05-2020 18:35:07
191,1371,22-07-2020 20:15:38
192,969,29-10-2022 22:12:33
193,1117,19-08-2023 14:54:23
194,864,27-01-2020 02:18:00
195,933,12-02-2020 01:44:45
196,613,09-03-2021 02:18:47
197,1268,03-10-2022 12:42:19
198,1584,09-01-2021 20:32:17
199,1173,17-04-2021 05:52:20
200,1156,05-06-2021 13:49:51
201,608,26-02-2022 23:08:29
202,1256,09-04-2020 02:02:59
203,304,20-11-2023 18:08:23
204,1649,19-09-2021 17:23:46
205,1181,07-12-2023 23:43:40
206,1498,01-12-2020 10:56:41
207,1565,08-09-2020 09:05:37
208,385,15-08-2021 02:14:58
209,867,25-02-2022 08:06:35
210,682,12-07-2023 11:55:34
211,781,09-12-2022 03:38:12
212,1688,09-11-2023 03:47:46
213,445,29-01-2021 16:17:36
214,760,22-04-2022 11:33:31
215,919,09-11-2020 16:43:34
216,630,01-11-2021 08:45:43
217,139,05-11-2023 10:37:13
218,1128,14-08-2020 05:07:41
219,111,09-06-2021 22:09:34
220,613,06-09-2023 01:07:27
221,1446,27-10-2021 00:55:15
222,560,12-02-2022 03:59:14
223,1505,26-05-2021 04:31:45
224,1603,15-09-2020 08:48:30
225,1760,11-08-2020 13:46:32
226,1309,22-11-2023 20:00:57
227,461,13-12-2021 03:19:54
228,880,21-06-2021 16:56:58
229,1690,11-06-2023 23:16:17
230,1495,01-07-2020 01:42:47
231,679,23-10-2022 02:54:43
232,121,08-09-2023 19:17:04
233,120,10-01-2021 18:52:03
234,340,19-02-2020 20:19:06
235,746,11-02-2020 19:00:10
236,1571,14-02-2020 03:12:02
237,1010,11-12-2022 04:14:21
238,1311,04-08-2022 22:55:31
239,1528,14-06-2022 13:30:05
240,311,25-01-2022 22:23:48
241,259,05-11-2020 16:23:01
242,1779,07-03-2020 11:14:43
243,1042,29-04-2021 12:31:03
244,467,03-03-2023 19:09:22
245,1859,29-12-2021 22:28:38
246,1394,14-10-2020 23:36:14
247,1843,28-12-2020 23:11:15
248,1539,24-05-2023 11:04:38
249,801,25-07-2022 19:05:37
250,1526,27-09-2022 07:57:18
251,707,08-08-2021 19:58:55
252,1171,02-10-2021 03:28:16
253,1173,18-02-2023 08:54:29
254,1202,20-11-2020 03:43:59
255,88,29-11-2022 07:02:47
256,984,11-10-2022 18:42:32
257,1814,02-11-2021 09:45:39
258,589,27-09-2021 13:14:49
259,649,08-05-2023 16:24:44
260,1034,20-02-2021 16:13:39
261,1750,31-01-2020 04:45:09
262,420,03-07-2023 17:56:37
263,1454,21-06-2021 13:43:15
264,783,18-07-2020 06:00:39
265,645,07-06-2022 04:00:03
266,765,26-01-2023 00:30:15
267,1123,27-10-2023 14:46:54
268,519,11-07-2023 11:51:43
269,1957,19-12-2022 06:30:33
270,184,20-09-2022 06:26:02
271,1992,25-06-2020 17:58:35
272,1127,10-07-2021 20:36:12
273,676,01-12-2020 05:11:03
274,160,12-07-2023 22:21:40
275,860,15-06-2020 03:15:21
276,38,13-08-2023 09:58:38
277,400,04-05-2023 07:25:28
278,497,12-09-2022 14:25:23
279,1110,15-01-2020 14:36:56
280,203,24-06-2020 11:59:57
281,1913,29-07-2020 08:47:07
282,1439,10-09-2023 04:17:07
283,1711,04-06-2021 07:54:43
284,1740,01-10-2020 00:35:11
285,61,12-10-2023 06:29:31
286,742,13-10-2022 10:16:24
287,736,12-07-2022 00:14:04
288,743,14-10-2021 21:22:14
289,286,18-11-2021 07:51:01
290,1769,25-04-2022 09:26:13
291,1850,02-11-2021 13:37:47
292,936,08-06-2022 19:35:11
293,1323,21-08-2022 00:08:56
294,1924,22-10-2020 15:09:22
295,502,15-01-2022 12:05:49
296,1161,07-01-2023 04:37:17
297,1185,18-03-2023 18:48:46
298,1227,03-09-2022 21:30:13
299,122,24-08-2023 07:48:50
300,1866,15-09-2022 05:48:00
301,1827,14-04-2023 15:05:12
302,257,14-09-2023 09:39:06
303,643,20-02-2023 23:10:55
304,307,12-08-2022 02:02:07
305,1624,16-07-2022 00:24:44
306,460,23-04-2021 22:02:15
307,756,28-04-2020 16:27:44
308,1046,24-03-2022 11:02:39
309,459,20-06-2020 21:07:47
310,1781,29-08-2020 18:57:23
311,1079,23-02-2021 13:38:35
312,242,12-04-2021 06:50:12
313,1812,06-10-2023 02:58:52
314,387,21-11-2023 09:36:46
315,1713,02-11-2021 19:57:55
316,1580,26-09-2022 17:35:22
317,1549,11-01-2021 08:57:32
318,1743,13-04-2020 10:21:55
319,222,23-07-2021 07:27:46
320,391,13-02-2023 22:05:20
321,1543,28-11-2023 05:42:23
322,1336,26-09-2023 00:12:46
323,1836,17-05-2021 05:34:11
324,1168,20-03-2020 21:32:43
325,475,03-02-2021 08:57:04
326,1537,16-05-2020 14:13:29
327,1996,21-08-2021 03:05:32
328,1378,11-01-2020 22:38:05
329,114,11-01-2023 20:00:56
330,1675,02-07-2022 12:26:17
331,1379,07-01-2022 22:36:20
332,402,07-04-2021 00:57:02
333,1290,03-02-2022 06:23:59
334,817,18-05-2020 15:11:38
335,1286,03-09-2022 22:37:12
336,1212,23-02-2022 22:21:53
337,646,22-03-2023 07:27:50
338,1675,13-05-2023 15:25:11
339,1128,16-02-2020 01:29:29
340,97,16-11-2021 00:10:26
341,1536,12-05-2021 02:16:24
342,1698,11-03-2021 03:07:28
343,1624,12-10-2023 18:57:12
344,1243,16-09-2020 01:11:37
345,1780,13-11-2023 08:54:44
346,514,12-11-2020 13:55:31
347,1333,13-06-2020 16:37:26
348,1921,17-12-2021 02:55:56
349,1153,09-04-2021 11:34:12
350,1211,02-04-2021 13:53:14
351,301,09-01-2021 05:52:42
352,11,20-11-2021 07:34:57
353,351,31-12-2022 06:11:27
354,1677,01-07-2022 08:52:46
355,1755,01-09-2022 15:28:54
356,1389,09-10-2023 05:42:45
357,581,21-06-2022 21:53:20
358,355,19-09-2020 05:45:35
359,1113,21-12-2020 10:25:41
360,1595,03-01-2023 18:50:17
361,417,24-11-2022 01:24:23
362,96,16-09-2022 03:50:10
363,439,28-02-2020 11:42:30
364,905,18-10-2022 02:49:13
365,136,19-08-2021 04:41:29
366,835,02-12-2022 00:11:10
367,1090,24-11-2023 10:33:44
368,1415,16-06-2020 02:02:19
369,1433,01-03-2020 03:08:05
370,1213,12-07-2023 05:45:14
371,990,04-05-2022 22:44:37
372,557,30-11-2023 13:20:40
373,450,31-07-2020 14:55:16
374,1135,12-04-2021 05:10:42
375,1511,13-05-2023 05:25:09
376,956,26-05-2021 17:44:42
377,124,21-09-2020 06:00:29
378,1797,13-06-2022 04:57:46
379,507,23-02-2020 13:07:09
380,1666,06-10-2022 21:40:49
381,608,09-10-2023 12:37:17
382,1410,05-04-2023 04:04:14
383,137,03-09-2020 05:49:12
384,1294,12-10-2022 21:41:27
385,1432,30-12-2020 12:18:46
386,1806,12-01-2022 19:18:15
387,1936,19-06-2023 02:42:47
388,197,30-08-2021 14:01:09
389,1975,04-01-2023 04:45:20
390,547,21-10-2020 05:56:57
391,1601,28-09-2023 01:56:17
392,539,22-12-2021 05:06:05
393,1989,01-11-2020 16:06:38
394,583,07-09-2020 04:45:54
395,425,16-06-2023 23:01:21
396,1479,02-06-2023 23:59:01
397,702,20-08-2023 21:59:53
398,699,08-06-2021 02:29:47
399,1415,14-03-2020 14:41:50
400,505,11-08-2023 23:02:49
401,649,24-07-2022 15:23:31
402,117,25-08-2021 20:29:31
403,645,27-11-2021 11:30:56
404,1873,09-06-2023 01:47:51
405,1854,17-03-2020 04:50:34
406,1826,17-02-2020 22:31:47
407,1723,21-10-2021 19:02:14
408,99,14-11-2020 04:44:21
409,1647,21-09-2022 04:38:34
410,510,13-02-2021 01:59:53
411,1409,08-04-2022 08:19:06
412,1168,12-08-2020 06:37:03
413,233,24-11-2021 21:22:32
414,568,28-03-2023 18:55:17
415,1113,16-02-2020 10:22:12
416,1443,09-05-2021 17:00:44
417,754,06-06-2021 00:30:06
418,522,27-01-2023 14:05:40
419,590,01-11-2020 03:40:23
420,1572,24-04-2022 22:04:34
421,1473,04-08-2022 14:38:55
422,1237,30-11-2020 12:03:19
423,952,10-06-2020 00:28:53
424,959,14-07-2022 14:04:37
425,1062,28-01-2022 00:02:22
426,1443,20-01-2021 00:27:24
427,1148,19-07-2020 12:47:39
428,1848,30-12-2023 15:51:55
429,1137,22-04-2023 14:43:18
430,568,23-10-2020 06:49:56
431,1833,27-03-2021 23:15:55
432,69,08-09-2020 03:50:37
433,988,17-05-2020 15:05:36
434,1337,05-11-2023 15:23:34
435,819,04-06-2023 00:19:35
436,763,15-02-2021 14:19:34
437,1067,08-06-2022 18:30:58
438,60,19-11-2021 18:28:42
439,318,25-09-2023 10:49:50
440,1231,10-08-2021 16:52:47
441,1310,27-06-2021 21:11:40
442,785,26-10-2023 11:37:50
443,508,13-09-2021 12:45:25
444,1180,03-10-2020 18:27:22
445,1284,02-08-2022 07:59:08
446,1505,31-12-2021 12:40:57
447,509,28-11-2021 08:16:30
448,689,01-02-2022 07:59:15
449,1849,13-04-2020 04:07:31
450,1423,18-09-2020 14:14:07
451,307,17-09-2022 14:38:55
452,1589,11-01-2020 21:36:36
453,648,23-02-2023 23:33:17
454,276,25-11-2020 13:56:52
455,1389,09-07-2021 02:41:56
456,1230,18-08-2022 21:48:51
457,646,21-11-2020 00:18:24
458,195,15-07-2021 10:01:19
459,1066,09-08-2020 17:05:33
460,1949,16-11-2021 10:58:03
461,1161,14-12-2020 04:34:19
462,215,28-09-2022 00:18:03
463,1147,22-07-2023 18:04:20
464,119,21-08-2022 22:41:04
465,476,06-02-2021 16:12:16
466,227,16-12-2023 17:36:15
467,88,05-07-2022 07:06:37
468,263,04-02-2023 12:37:50
469,388,10-01-2023 02:12:22
470,1806,07-09-2021 02:45:37
471,521,03-09-2020 06:05:41
472,1419,23-03-2021 06:25:15
473,1105,03-11-2020 04:23:56
474,405,26-03-2020 02:10:18
475,1934,21-08-2020 21:59:40
476,1639,01-03-2021 10:50:19
477,771,15-09-2023 16:00:59
478,1896,30-09-2020 22:37:42
479,1215,30-08-2023 13:03:39
480,492,03-05-2022 07:09:47
481,1135,07-05-2020 08:57:50
482,1467,10-05-2021 04:33:15
483,1313,07-04-2021 07:08:13
484,422,25-08-2021 21:57:28
485,671,23-02-2020 16:44:12
486,1878,21-01-2022 20:03:09
487,1311,28-09-2023 06:28:57
488,732,30-08-2020 08:21:15
489,398,31-12-2020 13:10:15
490,590,20-03-2022 05:17:20
491,1208,09-01-2023 00:32:37
492,1657,12-02-2022 16:15:32
493,1047,19-12-2021 16:00:10
494,1526,31-10-2021 11:03:51
495,802,03-11-2021 08:39:12
496,1872,24-07-2020 08:08:25
497,1662,07-10-2021 06:16:39
498,1735,25-06-2022 09:49:59
499,1840,11-06-2020 01:53:46
500,851,02-07-2022 14:07:51
501,1443,14-07-2020 16:49:32
502,541,30-08-2023 00:28:09
503,499,18-03-2021 20:22:47
504,528,02-01-2021 15:40:02
505,821,28-12-2021 17:47:59
506,1421,20-04-2021 18:51:55
507,1768,17-11-2020 06:42:29
508,74,13-01-2023 15:33:53
509,1729,11-06-2020 04:43:14
510,414,19-08-2021 14:57:06
511,1815,06-04-2022 17:44:40
512,686,07-09-2020 11:40:34
513,861,16-11-2023 09:01:47
514,1143,19-10-2020 13:09:29
515,691,16-07-2023 04:35:59
516,1983,18-04-2021 02:25:45
517,1536,20-12-2020 09:19:21
518,1980,25-04-2021 10:02:26
519,909,13-12-2022 09:54:32
520,1503,13-05-2020 22:34:36
521,796,21-01-2022 21:00:03
522,1515,31-07-2023 04:58:35
523,1731,24-09-2023 12:30:20
524,1618,22-06-2020 04:26:40
525,470,23-02-2020 05:55:27
526,1963,23-08-2023 02:15:54
527,1151,18-01-2020 21:31:30
528,314,20-07-2020 11:13:36
529,322,11-02-2023 11:33:53
530,1990,24-02-2021 07:05:52
531,284,03-02-2021 11:33:16
532,186,01-02-2022 17:51:34
533,671,25-05-2020 14:10:31
534,277,30-03-2020 07:11:43
535,1223,19-07-2020 23:17:44
536,57,03-11-2023 17:27:11
537,1489,15-12-2021 22:38:57
538,1605,25-10-2020 14:03:07
539,649,03-12-2022 02:53:31
540,1324,20-12-2022 21:00:15
541,197,02-04-2020 16:55:48
542,693,27-06-2020 00:06:34
543,1457,30-09-2020 20:04:50
544,112,30-10-2021 11:30:14
545,1992,19-02-2022 10:50:30
546,531,15-03-2022 12:54:05
547,1576,11-05-2022 12:07:31
548,211,19-09-2022 12:08:55
549,951,22-06-2021 22:38:06
550,1881,11-04-2022 23:28:43
551,1953,11-08-2022 07:08:55
552,335,14-08-2022 07:39:25
553,1640,20-05-2022 07:15:15
554,543,15-04-2020 10:31:54
555,1322,12-01-2023 17:49:44
556,1836,26-06-2022 22:45:52
557,304,05-06-2020 18:27:55
558,176,31-05-2020 18:58:11
559,1898,25-10-2020 01:23:41
560,1085,16-05-2023 03:17:37
561,922,26-08-2020 12:13:38
562,634,19-12-2021 05:33:30
563,313,06-10-2023 05:42:15
564,643,13-02-2021 03:45:22
565,1894,26-08-2021 21:42:18
566,806,17-11-2023 09:19:26
567,623,09-05-2021 08:21:41
568,180,27-10-2023 15:58:13
569,457,02-09-2020 01:33:22
570,1557,26-08-2021 18:28:59
571,1464,06-07-2023 00:06:08
572,1585,03-06-2022 07:02:28
573,1771,08-09-2020 01:27:48
574,352,21-09-2021 18:05:13
575,291,25-03-2023 16:07:39
576,1602,18-11-2021 00:19:39
577,750,18-09-2021 20:50:02
578,1530,26-02-2023 06:50:26
579,967,04-03-2023 03:06:27
580,1916,05-04-2023 19:42:58
581,935,30-08-2020 00:01:51
582,1085,02-06-2022 22:23:59
583,1375,19-03-2023 03:58:37
584,223,11-09-2023 18:04:02
585,1694,22-06-2020 07:04:27
586,1385,06-04-2023 22:08:08
587,543,09-09-2020 04:18:18
588,1898,18-01-2023 20:16:54
589,500,01-09-2020 04:04:44
590,1375,25-01-2022 08:51:43
591,613,26-10-2021 19:45:11
592,530,31-05-2021 20:38:26
593,983,22-11-2022 17:24:55
594,1221,05-03-2022 03:13:41
595,868,31-07-2021 13:29:50
596,169,29-04-2022 13:59:19
597,1912,17-12-2023 13:05:01
598,390,21-03-2021 16:46:43
599,686,31-12-2023 15:37:03
600,1165,22-04-2022 08:10:38
601,583,23-06-2020 17:07:14
602,1432,05-01-2020 05:08:21
603,1312,25-11-2023 08:32:19
604,808,22-05-2020 08:34:28
605,546,23-12-2022 09:25:07
606,1205,18-11-2021 15:09:38
607,81,21-09-2022 06:10:16
608,1761,13-03-2020 21:57:45
609,28,12-08-2022 06:24:12
610,545,12-04-2021 03:41:28
611,1356,29-09-2020 01:30:22
612,1139,24-04-2023 20:05:16
613,1942,16-03-2023 00:32:37
614,492,30-05-2020 11:11:54
615,1610,25-06-2022 18:47:24
616,686,09-04-2020 03:39:05
617,1168,13-11-2023 08:30:22
618,1428,24-03-2022 20:00:15
619,1280,28-06-2021 11:51:14
620,1991,03-08-2023 16:42:32
621,1258,10-10-2020 17:27:12
622,102,18-06-2023 04:26:59
623,1115,14-01-2020 11:27:14
624,1230,23-06-2023 07:46:09
625,271,11-07-2022 18:06:28
626,1306,02-12-2022 20:44:12
627,1708,18-12-2021 10:43:49
628,1201,16-03-2023 22:45:04
629,134,13-12-2021 11:37:17
630,1528,26-01-2020 18:50:57
631,1524,19-08-2020 00:21:57
632,1251,21-04-2021 04:48:03
633,1091,02-07-2020 03:29:19
634,1705,13-11-2023 21:31:11
635,1262,10-10-2021 18:39:06
636,431,14-08-2022 07:07:51
637,1884,20-08-2020 20:33:31
638,1711,04-12-2023 14:10:10
639,1137,30-12-2020 07:20:42
640,1009,04-10-2023 10:20:34
641,1472,25-12-2023 13:00:25
642,126,04-03-2023 22:55:05
643,882,23-01-2022 17:34:13
644,1146,16-03-2022 19:13:30
645,577,24-01-2020 05:30:22
646,1458,24-10-2022 08:50:04
647,17,20-04-2022 02:28:53
648,1609,20-11-2021 17:00:26
649,371,19-07-2022 22:09:05
650,1147,11-10-2023 16:16:13
651,390,28-11-2023 16:27:49
652,107,20-12-2021 12:28:30
653,170,21-05-2023 12:52:29
654,705,13-08-2023 16:05:13
655,822,06-02-2021 00:33:07
656,917,09-02-2022 07:43:23
657,389,04-03-2020 06:10:44
658,252,27-01-2021 03:20:29
659,871,05-06-2021 11:37:18
660,1825,21-11-2023 16:07:43
661,1864,06-05-2021 02:19:43
662,1672,21-01-2023 08:17:42
663,372,12-11-2022 21:29:02
664,1600,22-10-2023 10:33:57
665,1363,19-12-2021 19:03:07
666,1695,15-01-2020 15:30:35
667,1932,02-09-2022 17:53:25
668,1907,07-11-2023 12:37:16
669,1316,15-05-2020 02:22:19
670,1973,09-09-2021 05:48:02
671,744,25-06-2020 03:09:37
672,197,07-05-2020 23:46:54
673,1154,22-06-2020 21:37:30
674,1397,27-10-2021 20:03:53
675,1736,20-06-2022 02:46:51
676,594,31-03-2020 17:41:08
677,657,27-03-2023 06:12:56
678,90,22-08-2023 23:54:33
679,41,05-07-2020 11:14:44
680,1304,24-07-2020 05:16:42
681,87,21-03-2023 19:59:47
682,969,01-04-2023 18:36:01
683,1737,28-04-2023 06:10:46
684,1937,18-08-2022 14:29:30
685,1881,29-10-2021 14:33:20
686,773,15-05-2020 02:08:33
687,1874,02-10-2022 16:40:44
688,601,05-09-2020 18:12:43
689,1459,21-04-2021 05:33:47
690,1268,14-11-2023 06:25:55
691,1843,17-06-2023 19:11:22
692,715,29-03-2023 08:58:01
693,136,16-03-2020 11:32:20
694,289,10-02-2021 01:47:32
695,174,18-02-2020 15:52:30
696,63,13-05-2021 16:01:45
697,1667,24-06-2023 02:04:25
698,421,11-11-2021 04:41:23
699,1311,03-05-2023 01:02:27
700,1323,01-06-2023 13:53:25
701,1649,10-11-2021 16:09:39
702,824,03-03-2021 07:01:43
703,38,16-11-2021 15:32:42
704,363,26-01-2022 12:47:33
705,1441,01-05-2021 21:17:15
706,1260,29-05-2020 16:12:27
707,1645,16-11-2020 05:29:41
708,384,14-05-2022 22:47:37
709,797,18-12-2023 01:41:41
710,425,02-05-2022 18:43:12
711,1185,05-08-2020 04:58:15
712,629,05-06-2021 09:03:18
713,634,02-06-2021 06:31:31
714,1558,10-07-2021 18:36:08
715,1077,28-10-2022 02:15:13
716,1540,18-09-2020 04:53:56
717,45,01-08-2022 13:18:48
718,1397,30-01-2020 08:14:46
719,1689,02-03-2022 17:26:09
720,1346,05-01-2022 08:44:01
721,340,17-03-2020 06:16:09
722,90,23-02-2022 23:14:02
723,1577,08-03-2021 20:33:09
724,1748,06-06-2022 22:44:39
725,611,27-10-2022 21:23:11
726,1329,25-10-2020 05:49:34
727,448,11-05-2023 08:40:43
728,568,25-05-2021 12:53:24
729,1914,18-02-2022 13:45:02
730,1527,11-08-2022 09:41:37
731,1065,02-08-2021 13:45:59
732,1486,29-11-2023 06:46:48
733,452,04-07-2023 18:01:31
734,746,28-05-2020 13:07:02
735,715,01-05-2022 08:24:40
736,745,26-06-2021 21:30:30
737,422,13-03-2022 06:05:52
738,1545,20-04-2021 05:47:46
739,1679,16-01-2023 16:37:26
740,160,21-09-2020 02:33:20
741,648,04-10-2020 17:59:09
742,259,19-04-2022 20:50:08
743,1495,23-08-2023 16:37:57
744,1190,05-12-2020 18:45:02
745,564,29-01-2021 22:56:19
746,472,19-06-2021 07:14:26
747,1044,17-06-2023 14:36:56
748,726,22-07-2023 23:18:38
749,1152,22-03-2020 09:53:56
750,403,19-12-2022 05:42:29
751,1293,10-04-2023 08:47:43
752,49,19-04-2021 08:21:34
753,791,23-02-2020 18:09:02
754,1270,06-09-2023 21:43:59
755,371,01-08-2023 12:29:03
756,1094,15-09-2020 23:42:23
757,1293,19-07-2023 22:32:20
758,1623,13-08-2020 13:01:02
759,1287,30-10-2021 10:30:50
760,914,24-02-2021 19:24:13
761,1482,30-10-2022 10:16:22
762,1429,11-11-2023 18:58:29
763,1908,01-01-2021 17:40:50
764,1837,18-03-2022 07:04:16
765,193,28-09-2023 11:02:50
766,1324,28-12-2022 03:51:12
767,365,28-07-2023 23:04:15
768,37,04-06-2023 00:09:36
769,342,29-11-2020 23:40:36
770,680,20-12-2021 02:28:35
771,846,27-06-2023 21:14:03
772,1337,14-12-2020 04:42:26
773,1157,04-02-2022 00:42:32
774,1178,20-09-2020 19:15:02
775,134,25-02-2021 21:49:28
776,1712,06-03-2021 05:19:34
777,1110,14-09-2021 08:45:56
778,1954,14-04-2020 18:37:45
779,1483,22-07-2021 22:39:55
780,1855,12-11-2021 07:08:55
781,1845,20-08-2022 07:34:50
782,757,02-03-2022 09:27:41
783,748,18-06-2020 20:29:45
784,1799,10-11-2020 10:34:03
785,11,08-04-2020 06:23:06
786,653,30-05-2020 01:15:58
787,229,14-01-2021 04:53:49
788,387,24-06-2023 23:03:30
789,1175,30-07-2021 16:23:04
790,1797,22-11-2023 18:59:06
791,1130,26-04-2023 23:43:03
792,1562,09-08-2020 20:01:01
793,1963,02-07-2020 04:05:47
794,1149,21-08-2021 05:37:44
795,1714,19-10-2022 09:33:32
796,440,01-01-2022 14:17:40
797,1074,14-01-2021 23:56:00
798,840,12-04-2022 10:13:17
799,849,05-01-2021 21:11:41
800,1259,01-07-2023 07:11:30
801,1631,02-10-2020 21:00:33
802,1928,26-03-2023 07:56:38
803,846,06-01-2021 02:19:04
804,1773,11-08-2022 20:57:42
805,1689,25-07-2020 12:29:54
806,524,11-01-2021 16:33:14
807,599,05-11-2022 22:22:08
808,1700,05-03-2021 17:25:42
809,345,11-10-2023 17:32:40
810,349,20-08-2020 03:11:43
811,1409,20-04-2020 15:57:23
812,132,31-03-2020 14:26:38
813,1885,13-12-2021 08:48:01
814,1374,21-05-2021 05:31:45
815,1417,23-05-2023 14:26:38
816,1254,09-04-2022 22:42:10
817,1646,29-03-2021 03:39:42
818,1911,26-04-2022 00:08:15
819,883,29-10-2022 06:24:46
820,1229,24-03-2022 16:15:39
821,1756,27-01-2023 06:44:20
822,1701,11-02-2020 14:02:07
823,1546,25-02-2020 04:27:14
824,274,28-06-2021 03:31:51
825,1715,30-01-2021 09:09:57
826,1395,06-01-2020 00:19:44
827,1579,01-06-2022 08:19:43
828,1556,12-08-2023 22:41:02
829,932,13-08-2021 12:29:35
830,806,12-05-2021 12:45:32
831,1056,12-12-2023 07:30:42
832,1190,20-05-2020 15:39:21
833,1632,18-10-2022 17:29:15
834,970,20-03-2022 00:10:21
835,917,02-10-2020 03:49:42
836,421,23-12-2022 22:03:37
837,1768,01-06-2020 19:38:22
838,1342,05-11-2020 06:49:30
839,61,22-02-2022 19:26:13
840,1528,15-04-2021 17:20:31
841,1778,06-07-2022 19:31:02
842,168,24-05-2022 21:32:41
843,1055,22-06-2021 09:39:34
844,215,20-07-2022 15:49:28
845,1618,24-01-2022 10:02:05
846,1572,03-05-2022 11:30:09
847,634,11-11-2022 00:04:01
848,1441,30-12-2022 09:55:57
849,983,15-12-2022 23:51:39
850,1853,30-08-2022 21:28:25
851,1535,27-03-2021 16:44:26
852,1459,25-07-2021 05:19:08
853,1707,19-11-2023 15:50:09
854,1787,21-01-2022 15:33:21
855,577,09-11-2020 21:52:58
856,333,27-04-2021 09:33:07
857,1960,30-05-2021 18:45:53
858,33,07-01-2021 05:01:56
859,2000,24-11-2021 14:29:23
860,1456,06-01-2021 08:49:37
861,1981,05-09-2021 09:23:13
862,295,07-03-2022 14:19:35
863,621,31-05-2023 20:39:15
864,205,19-09-2023 06:12:01
865,896,19-06-2022 06:36:32
866,759,27-01-2022 19:29:27
867,268,24-04-2021 08:22:10
868,1103,26-08-2022 01:07:20
869,1938,20-07-2020 10:32:04
870,1953,11-07-2023 17:31:47
871,718,02-05-2022 07:41:51
872,703,21-12-2021 13:18:07
873,588,03-01-2023 13:53:09
874,1103,15-01-2020 12:08:42
875,48,30-05-2023 10:50:30
876,505,05-03-2020 21:20:11
877,1181,17-12-2023 20:55:43
878,338,15-12-2020 05:19:59
879,1801,01-11-2020 09:12:52
880,1459,06-03-2022 20:13:22
881,694,12-04-2022 07:05:16
882,81,24-06-2022 23:57:31
883,691,20-07-2021 20:24:35
884,797,15-11-2022 04:36:22
885,810,17-02-2020 19:06:35
886,202,15-10-2021 17:01:07
887,1368,27-10-2021 07:58:50
888,1295,01-04-2022 08:02:15
889,87,08-02-2021 13:14:12
890,1253,12-09-2022 13:53:55
891,1885,08-05-2023 20:48:45
892,760,05-06-2020 11:06:18
893,1699,31-07-2022 00:51:19
894,856,23-08-2020 12:04:47
895,1032,05-03-2023 09:42:21
896,1037,27-01-2021 04:11:05
897,355,07-12-2023 13:55:13
898,1737,22-09-2021 09:52:44
899,1013,15-07-2023 09:18:59
900,734,30-10-2023 16:43:08
901,779,29-05-2022 13:59:00
902,1899,22-01-2021 00:10:48
903,1153,15-09-2022 19:40:51
904,1279,19-04-2021 06:40:04
905,39,05-11-2021 18:50:41
906,395,14-11-2022 01:34:57
907,253,25-12-2021 02:27:41
908,251,19-04-2022 16:34:37
909,369,07-02-2020 11:56:31
910,206,03-08-2022 14:06:26
911,450,08-04-2020 21:31:47
912,466,03-05-2022 12:17:24
913,316,01-08-2021 00:41:06
914,1035,09-10-2023 15:11:13
915,610,08-02-2021 05:40:28
916,1973,06-08-2020 17:50:03
917,1866,23-06-2022 15:45:31
918,426,06-07-2021 03:45:01
919,1791,16-04-2020 21:47:52
920,631,22-12-2020 16:11:39
921,1955,27-12-2022 11:56:06
922,594,28-01-2023 12:42:50
923,270,21-05-2020 05:23:17
924,722,16-08-2022 01:29:55
925,670,01-10-2021 14:51:33
926,1059,20-08-2022 07:44:13
927,1752,10-08-2021 18:12:35
928,487,21-05-2021 12:51:29
929,713,06-05-2021 16:53:44
930,60,08-11-2020 19:17:19
931,1758,16-06-2022 16:05:06
932,1791,10-08-2023 21:33:15
933,1264,28-03-2023 10:02:57
934,376,19-04-2023 15:54:43
935,1332,11-08-2021 11:47:03
936,967,29-09-2021 19:03:44
937,580,24-08-2023 10:55:11
938,3,25-04-2020 10:24:39
939,1453,17-06-2022 07:06:03
940,1195,05-12-2020 01:59:08
941,343,11-09-2022 19:33:14
942,672,06-02-2020 17:35:12
943,95,20-02-2022 00:56:03
944,1572,08-10-2022 13:48:59
945,70,04-07-2020 19:46:05
946,804,24-12-2022 18:03:12
947,1523,07-01-2021 07:15:14
948,804,31-07-2020 16:30:22
949,1087,24-06-2021 10:42:33
950,493,22-12-2021 20:21:44
951,30,08-03-2021 03:05:04
952,1000,09-08-2023 07:24:59
953,226,27-01-2020 10:41:55
954,1516,22-08-2020 06:37:53
955,1378,03-06-2023 13:37:23
956,1673,01-07-2021 12:05:51
957,324,05-08-2023 12:48:41
958,338,18-04-2020 15:08:49
959,1830,11-08-2020 00:05:35
960,1276,19-10-2021 07:58:06
961,109,04-10-2020 22:56:56
962,1759,29-10-2023 21:45:12
963,1449,10-12-2022 17:02:04
964,1690,20-08-2020 15:06:47
965,1232,13-02-2023 17:14:02
966,37,23-02-2020 08:03:01
967,474,04-04-2020 04:34:00
968,1544,31-01-2021 23:14:32
969,1567,17-04-2023 03:48:30
970,881,14-03-2023 08:21:34
971,1084,06-06-2022 19:34:30
972,1401,27-11-2020 06:06:01
973,995,04-09-2023 17:38:42
974,636,09-11-2022 18:31:50
975,1177,15-04-2022 01:29:51
976,985,17-10-2023 11:56:08
977,1600,10-12-2020 00:17:39
978,1991,20-08-2021 19:15:51
979,1343,22-11-2023 04:07:43
980,689,27-04-2022 08:03:57
981,1999,21-03-2022 12:33:22
982,217,13-04-2020 09:38:18
983,1916,08-11-2023 08:00:41
984,1111,10-10-2020 04:58:11
985,573,25-10-2022 07:09:07
986,1552,02-11-2021 16:23:05
987,1467,26-02-2022 08:03:03
988,743,12-08-2020 15:41:56
989,659,23-09-2023 06:03:11
990,1368,04-04-2023 13:18:24
991,658,12-05-2020 19:14:06
992,1439,12-04-2021 23:50:23
993,1381,01-12-2023 13:58:56
994,1064,18-02-2021 23:56:13
995,1284,12-10-2023 00:32:40
996,342,15-10-2023 04:18:59
997,541,11-09-2021 02:17:55
998,1416,01-08-2022 03:27:42
999,1906,08-12-2021 05:00:34
1000,405,01-11-2020 02:28:28
1001,1377,08-02-2022 19:20:18
1002,185,25-05-2022 13:22:48
1003,1220,05-01-2022 16:50:16
1004,1627,25-05-2023 05:22:34
1005,1053,27-12-2022 15:26:58
1006,1665,15-01-2020 17:05:24
1007,309,10-09-2022 21:35:39
1008,440,19-01-2021 06:16:02
1009,95,24-09-2020 21:13:13
1010,8,08-01-2023 08:19:33
1011,1865,05-05-2022 04:19:36
1012,1304,01-12-2021 17:55:30
1013,770,12-02-2021 04:45:23
1014,1895,24-09-2023 12:58:37
1015,666,04-09-2022 01:34:38
1016,926,30-08-2020 13:44:41
1017,651,25-04-2020 12:16:16
1018,1466,08-08-2023 19:32:16
1019,1896,03-08-2020 13:14:29
1020,1911,12-07-2023 10:43:48
1021,865,02-10-2021 00:54:27
1022,1428,22-11-2020 03:39:53
1023,299,07-05-2021 12:21:28
1024,884,11-08-2023 22:28:37
1025,1326,23-07-2020 08:48:41
1026,195,31-03-2022 00:50:47
1027,1680,19-09-2020 10:53:56
1028,136,18-12-2020 01:00:39
1029,140,18-10-2023 16:24:25
1030,87,25-06-2022 20:45:29
1031,853,03-12-2023 21:00:14
1032,1679,08-07-2020 01:03:49
1033,1496,19-12-2022 20:28:35
1034,733,12-02-2021 12:55:15
1035,734,13-08-2021 08:41:13
1036,828,29-12-2021 17:50:23
1037,1400,13-06-2021 16:20:31
1038,977,27-11-2021 15:17:33
1039,216,15-08-2020 19:28:17
1040,471,11-05-2020 23:11:21
1041,260,02-04-2023 03:45:53
1042,1879,30-03-2021 17:40:27
1043,413,30-09-2023 13:21:11
1044,143,08-12-2021 02:06:13
1045,109,27-02-2021 10:34:58
1046,4,21-07-2022 06:16:12
1047,528,05-02-2022 05:53:22
1048,1424,24-11-2020 16:24:17
1049,182,09-02-2021 18:47:06
1050,443,22-05-2022 00:23:24
1051,149,02-02-2020 19:53:48
1052,1962,07-10-2023 23:12:39
1053,1749,18-10-2022 19:03:28
1054,1957,27-05-2023 12:24:48
1055,1584,19-06-2021 04:15:40
1056,7,01-07-2021 04:35:02
1057,108,15-02-2022 04:50:33
1058,768,12-11-2020 05:19:32
1059,1977,05-04-2021 21:47:44
1060,647,19-06-2022 10:48:44
1061,580,10-03-2023 10:13:15
1062,68,24-09-2021 23:43:57
1063,314,31-03-2022 07:53:43
1064,1174,13-02-2022 05:47:23
1065,663,10-08-2021 22:32:14
1066,695,08-11-2021 01:15:12
1067,376,22-08-2022 09:57:18
1068,1812,16-01-2020 22:53:58
1069,1349,27-06-2023 07:04:29
1070,277,25-08-2022 22:24:29
1071,1843,18-07-2022 04:28:11
1072,374,06-01-2022 09:21:50
1073,969,26-10-2021 07:01:56
1074,918,27-01-2022 20:12:17
1075,652,01-11-2021 22:08:23
1076,1127,23-06-2023 16:52:15
1077,658,12-12-2020 07:07:35
1078,1951,25-12-2022 00:49:07
1079,1856,01-04-2022 10:41:50
1080,1618,25-03-2021 19:36:13
1081,944,03-12-2020 19:22:02
1082,1212,21-02-2021 18:25:12
1083,1911,07-02-2020 17:06:42
1084,1899,10-08-2023 04:12:04
1085,1158,01-07-2021 15:34:49
1086,1860,02-01-2023 08:55:35
1087,459,23-08-2020 09:42:09
1088,1403,28-02-2021 01:56:59
1089,1240,17-10-2022 04:54:03
1090,1451,18-11-2023 16:55:37
1091,533,29-11-2023 11:57:53
1092,1453,07-05-2021 17:56:05
1093,1476,16-11-2022 23:13:42
1094,1312,25-12-2020 14:55:26
1095,1839,28-04-2022 08:16:45
1096,1135,03-08-2021 17:42:11
1097,1301,24-05-2021 12:28:29
1098,973,10-09-2020 16:12:50
1099,974,20-05-2022 20:00:53
1100,293,02-01-2022 03:52:01
1101,731,03-01-2021 11:34:51
1102,584,10-05-2022 21:32:03
1103,1302,26-06-2020 14:10:49
1104,1664,01-09-2021 07:20:24
1105,306,08-04-2021 19:28:12
1106,1528,20-11-2020 23:12:41
1107,699,11-11-2021 21:18:03
1108,1871,01-03-2022 04:10:16
1109,972,15-03-2022 21:17:46
1110,447,27-03-2021 21:06:07
1111,1416,19-03-2023 18:22:46
1112,1214,03-01-2021 07:29:53
1113,1430,07-02-2022 22:34:49
1114,1809,26-12-2022 02:03:00
1115,1483,14-04-2021 14:03:43
1116,536,09-08-2022 15:41:39
1117,1190,25-11-2023 14:18:52
1118,740,02-03-2020 09:32:06
1119,1805,30-06-2020 16:32:16
1120,153,21-11-2021 09:43:28
1121,1121,06-06-2020 17:39:45
1122,865,04-06-2020 14:40:58
1123,1999,19-10-2022 12:55:25
1124,1084,02-06-2023 08:08:16
1125,1663,23-03-2022 00:53:29
1126,1214,10-02-2020 15:51:51
1127,1309,31-07-2020 03:25:26
1128,1851,22-07-2020 02:09:19
1129,1030,24-01-2021 01:16:42
1130,447,26-05-2021 17:09:22
1131,1398,03-01-2021 17:17:48
1132,1494,30-03-2021 13:08:52
1133,641,20-04-2022 15:03:45
1134,601,14-03-2021 14:54:11
1135,1893,22-06-2022 02:13:25
1136,1648,13-07-2021 12:47:55
1137,891,30-11-2022 02:04:36
1138,1154,04-02-2023 15:13:10
1139,1851,26-01-2022 19:39:25
1140,1980,27-01-2020 02:17:17
1141,1324,20-02-2020 21:25:04
1142,698,09-01-2020 23:00:44
1143,911,29-01-2020 21:20:11
1144,977,17-06-2020 02:28:13
1145,1350,02-01-2023 04:10:36
1146,1432,15-07-2022 21:54:08
1147,104,17-03-2020 02:50:07
1148,219,09-03-2020 10:13:06
1149,391,22-11-2020 12:08:41
1150,38,31-01-2023 20:48:19
1151,1857,17-08-2022 18:19:35
1152,686,09-01-2020 19:38:22
1153,1283,22-07-2023 19:24:36
1154,528,30-03-2020 13:27:21
1155,610,01-05-2021 09:15:03
1156,284,08-12-2020 09:36:51
1157,1220,10-09-2020 05:44:30
1158,1269,13-12-2022 13:39:27
1159,1607,09-02-2021 12:01:57
1160,33,16-08-2023 11:00:52
1161,1530,30-05-2022 21:56:53
1162,571,02-01-2023 05:00:37
1163,1446,03-05-2020 08:56:24
1164,1153,03-07-2020 10:05:15
1165,1305,10-02-2022 11:50:54
1166,883,26-04-2021 03:34:28
1167,1841,20-08-2023 12:13:16
1168,1285,24-04-2022 03:03:16
1169,477,03-11-2023 17:26:42
1170,1312,23-08-2023 00:36:00
1171,1457,07-10-2021 02:21:02
1172,1899,17-12-2021 16:03:14
1173,1873,14-07-2022 03:27:07
1174,1399,10-12-2022 03:13:40
1175,1371,12-05-2022 15:04:21
1176,326,24-04-2021 23:14:17
1177,844,28-03-2023 17:53:52
1178,1280,04-09-2023 02:53:35
1179,108,24-04-2023 08:15:31
1180,1233,19-01-2022 18:29:10
1181,105,06-04-2021 06:13:03
1182,1802,18-01-2023 13:19:32
1183,1261,20-07-2021 13:29:12
1184,427,30-09-2022 10:54:06
1185,1630,15-06-2023 15:02:14
1186,1803,29-05-2021 11:56:29
1187,1973,26-10-2021 16:10:55
1188,287,05-04-2020 10:13:23
1189,1031,15-12-2022 16:15:03
1190,44,23-05-2020 04:52:00
1191,204,10-03-2022 13:59:15
1192,750,30-12-2022 02:23:45
1193,617,05-07-2020 23:43:20
1194,737,15-06-2022 14:26:20
1195,1834,20-11-2020 21:49:00
1196,364,13-06-2020 05:15:50
1197,578,06-05-2022 15:27:50
1198,303,25-05-2020 14:03:48
1199,345,25-03-2020 22:07:10
1200,648,03-05-2020 05:55:40
1201,383,19-12-2021 16:21:53
1202,858,19-10-2020 05:16:51
1203,1898,19-09-2022 09:02:51
1204,1870,11-05-2023 23:02:50
1205,75,22-01-2021 21:15:57
1206,1192,25-07-2023 00:09:54
1207,1516,12-07-2020 00:00:28
1208,1170,21-09-2020 11:11:40
1209,293,07-03-2021 12:14:08
1210,512,20-07-2023 07:45:31
1211,715,07-09-2020 02:20:42
1212,1509,27-09-2022 10:05:57
1213,1282,11-03-2023 10:40:54
1214,473,23-09-2021 22:08:27
1215,1096,10-09-2022 08:06:22
1216,1420,06-12-2022 07:40:29
1217,1970,25-06-2023 10:38:48
1218,1575,31-01-2023 10:18:50
1219,466,03-12-2021 10:12:21
1220,1388,12-08-2023 20:58:27
1221,775,11-03-2022 21:43:09
1222,1727,19-09-2020 11:20:21
1223,138,18-03-2023 08:43:10
1224,1560,05-07-2020 01:07:43
1225,1440,06-12-2023 14:56:25
1226,257,18-09-2022 00:49:25
1227,323,04-01-2022 00:37:17
1228,670,28-03-2022 00:48:16
1229,764,07-10-2022 02:30:14
1230,844,04-09-2023 01:41:21
1231,1568,12-06-2020 06:03:23
1232,344,06-03-2021 18:41:47
1233,1240,03-02-2022 12:13:04
1234,1209,14-08-2023 07:09:43
1235,517,05-05-2020 00:06:11
1236,209,26-12-2022 11:17:46
1237,1571,13-11-2023 11:22:35
1238,737,19-05-2023 20:25:22
1239,1296,31-03-2022 10:06:21
1240,175,03-07-2022 08:01:45
1241,165,24-08-2021 13:28:04
1242,47,17-09-2021 15:46:40
1243,1139,17-12-2020 07:40:22
1244,609,14-06-2020 06:00:05
1245,1173,03-06-2023 19:19:12
1246,513,28-11-2022 22:03:46
1247,1753,08-03-2022 19:29:15
1248,821,18-03-2021 04:04:42
1249,1462,20-11-2023 14:21:45
1250,276,25-08-2022 09:18:48
1251,48,17-06-2022 17:12:58
1252,843,21-11-2022 03:50:42
1253,1930,18-01-2021 02:16:54
1254,1252,23-09-2021 00:28:53
1255,1986,22-07-2020 01:11:17
1256,433,19-07-2022 17:13:57
1257,9,04-08-2020 15:55:21
1258,817,29-04-2021 15:14:30
1259,1430,13-02-2021 16:47:55
1260,1255,13-11-2020 23:29:37
1261,1879,26-03-2023 06:01:04
1262,679,17-02-2022 00:24:20
1263,320,04-10-2023 20:27:26
1264,1331,12-12-2020 15:25:40
1265,229,25-01-2020 04:29:43
1266,794,16-01-2020 17:48:48
1267,781,16-07-2020 03:31:30
1268,367,23-03-2023 00:14:04
1269,575,22-06-2022 14:04:22
1270,1098,02-08-2023 22:52:50
1271,776,20-01-2023 16:28:41
1272,1230,15-08-2021 23:53:12
1273,1998,17-02-2020 17:01:17
1274,1642,11-02-2020 11:09:14
1275,886,04-01-2023 20:07:42
1276,1506,12-02-2022 07:22:56
1277,120,10-03-2021 14:48:36
1278,1198,18-06-2021 15:08:07
1279,392,30-05-2022 08:38:04
1280,652,13-12-2023 12:01:36
1281,667,27-09-2022 15:43:46
1282,1562,11-04-2021 00:54:08
1283,139,05-12-2022 17:49:38
1284,448,20-12-2022 07:28:39
1285,78,02-01-2023 01:48:04
1286,739,13-01-2023 23:27:27
1287,134,16-06-2020 14:42:23
1288,983,13-03-2020 07:45:51
1289,1579,19-06-2021 03:14:07
1290,1546,24-01-2020 06:10:11
1291,83,27-08-2020 05:38:53
1292,672,20-07-2020 18:15:21
1293,1525,11-12-2023 06:49:45
1294,785,06-03-2023 05:15:21
1295,1242,09-02-2021 20:45:42
1296,78,23-04-2022 15:18:22
1297,1766,13-06-2021 22:38:09
1298,489,09-03-2022 22:37:53
1299,769,09-11-2020 23:56:08
1300,844,14-04-2023 07:10:03
1301,628,31-12-2020 23:22:32
1302,1313,06-10-2020 15:41:10
1303,678,23-11-2022 17:59:25
1304,1099,23-06-2021 12:30:21
1305,1700,25-09-2021 09:11:39
1306,882,28-03-2023 13:58:15
1307,1185,26-11-2021 07:35:19
1308,1174,21-06-2022 12:41:44
1309,1449,14-08-2020 18:41:40
1310,662,06-08-2021 00:30:11
1311,455,13-12-2023 14:08:24
1312,184,18-08-2022 17:40:16
1313,169,14-06-2023 11:53:05
1314,21,09-06-2020 16:46:13
1315,1089,14-10-2023 03:09:30
1316,1723,29-03-2020 01:36:17
1317,1304,28-04-2023 19:01:02
1318,812,03-08-2021 05:42:28
1319,148,07-12-2022 12:39:48
1320,434,10-08-2021 17:49:49
1321,159,03-05-2023 17:47:41
1322,1430,11-10-2021 03:12:27
1323,67,26-04-2023 03:27:38
1324,10,22-11-2020 00:10:27
1325,1993,18-06-2022 05:36:40
1326,1771,08-04-2023 17:08:47
1327,815,19-08-2021 15:55:36
1328,1924,18-05-2021 04:57:29
1329,1358,14-12-2022 19:17:21
1330,1629,22-07-2023 21:26:30
1331,676,13-12-2020 08:18:27
1332,1460,29-04-2023 13:56:31
1333,371,05-08-2020 09:30:37
1334,1557,15-06-2022 13:28:40
1335,585,27-02-2021 23:30:09
1336,1174,11-04-2022 17:57:43
1337,812,02-05-2022 21:03:25
1338,101,17-09-2023 00:34:13
1339,455,19-05-2020 01:02:06
1340,884,01-05-2022 14:02:11
1341,1387,13-05-2022 23:23:53
1342,292,08-02-2020 04:36:02
1343,616,14-04-2023 11:21:41
1344,493,19-11-2021 13:00:30
1345,1277,08-07-2020 15:33:03
1346,782,04-04-2021 06:55:41
1347,1754,15-09-2021 18:10:55
1348,67,23-03-2021 14:42:51
1349,881,19-05-2023 01:12:03
1350,302,15-06-2021 10:33:08
1351,629,09-11-2022 09:46:44
1352,720,12-03-2023 10:52:12
1353,1801,04-12-2020 16:46:58
1354,1801,04-10-2021 18:01:35
1355,1337,23-04-2020 12:29:54
1356,1853,12-07-2020 11:53:42
1357,640,21-02-2022 17:40:41
1358,1287,11-11-2022 06:41:50
1359,997,09-07-2021 22:13:13
1360,79,30-06-2021 22:54:46
1361,443,16-10-2023 04:31:10
1362,904,03-08-2020 03:21:33
1363,385,23-09-2022 19:42:11
1364,219,02-12-2022 13:30:37
1365,1027,13-03-2020 06:57:35
1366,744,05-06-2021 10:01:48
1367,98,09-11-2023 04:46:44
1368,520,03-07-2020 22:33:33
1369,75,06-10-2023 19:58:47
1370,1923,10-06-2021 05:39:20
1371,776,05-09-2020 03:59:14
1372,630,16-04-2020 11:12:45
1373,32,16-11-2023 21:26:27
1374,1706,31-05-2023 07:41:40
1375,1841,26-03-2020 20:32:51
1376,837,07-03-2022 21:13:20
1377,421,04-06-2021 06:13:22
1378,811,11-10-2020 06:20:16
1379,954,24-07-2020 23:44:22
1380,634,24-07-2023 12:39:31
1381,1985,04-11-2023 23:59:15
1382,1873,13-06-2023 05:30:03
1383,1139,24-09-2023 10:00:28
1384,555,30-03-2023 12:13:27
1385,34,18-12-2020 15:55:04
1386,664,26-07-2022 13:28:07
1387,792,15-09-2020 05:38:40
1388,535,21-03-2022 19:12:49
1389,807,06-04-2021 07:10:14
1390,136,19-09-2020 02:06:34
1391,602,07-09-2020 06:08:28
1392,1705,31-10-2022 19:16:50
1393,40,07-12-2023 09:03:09
1394,1220,20-08-2022 08:00:58
1395,21,18-03-2023 23:06:49
1396,1477,09-01-2023 03:05:01
1397,8,21-01-2021 05:12:31
1398,1656,11-07-2020 17:42:59
1399,715,05-05-2022 11:09:32
1400,405,15-01-2023 22:39:48
1401,503,04-06-2020 18:43:21
1402,703,25-09-2022 16:53:06
1403,396,22-01-2020 02:14:12
1404,1833,13-06-2020 03:01:45
1405,649,25-08-2020 20:47:53
1406,823,16-06-2020 15:45:22
1407,95,22-08-2023 16:51:38
1408,1150,01-09-2023 13:50:31
1409,1896,09-02-2022 15:40:33
1410,1898,02-11-2021 14:56:42
1411,175,14-09-2021 08:58:25
1412,335,23-10-2023 06:36:52
1413,592,11-10-2020 16:16:35
1414,1513,14-11-2020 00:20:14
1415,985,10-07-2020 02:48:09
1416,1393,28-06-2020 19:17:34
1417,1357,12-06-2023 12:04:18
1418,1641,25-12-2023 17:02:23
1419,1470,13-08-2020 02:07:27
1420,1069,03-10-2022 03:02:56
1421,795,04-09-2023 15:00:47
1422,1708,26-06-2021 04:32:57
1423,1078,15-12-2021 10:13:15
1424,1759,19-02-2023 06:22:13
1425,167,18-10-2020 07:54:55
1426,352,04-09-2022 00:26:59
1427,6,07-03-2021 09:37:02
1428,929,15-09-2020 10:50:25
1429,900,22-12-2023 13:00:04
1430,815,04-08-2023 20:39:46
1431,442,02-07-2022 19:06:29
1432,1632,13-05-2021 09:22:32
1433,1582,28-04-2022 14:55:11
1434,1912,11-10-2021 07:11:44
1435,50,04-06-2020 10:48:15
1436,1138,28-10-2022 21:31:18
1437,84,19-06-2021 11:35:27
1438,1210,06-10-2021 01:31:15
1439,582,19-10-2023 22:19:52
1440,1462,14-04-2021 13:36:57
1441,1721,19-07-2021 10:17:36
1442,1023,15-04-2023 11:26:19
1443,883,26-04-2021 09:59:37
1444,831,16-08-2023 13:11:29
1445,657,08-05-2022 18:26:44
1446,1918,01-02-2021 21:04:45
1447,1334,09-01-2021 09:33:58
1448,666,14-10-2020 05:25:33
1449,1117,31-08-2020 03:05:52
1450,1646,07-12-2021 18:22:51
1451,1979,02-09-2020 07:31:53
1452,1972,25-05-2021 08:00:28
1453,1404,05-06-2021 17:19:00
1454,613,19-06-2023 06:26:04
1455,1775,16-12-2022 22:45:34
1456,806,27-09-2020 04:58:29
1457,1193,24-07-2020 00:23:09
1458,425,01-03-2023 20:57:08
1459,1298,17-11-2023 12:59:03
1460,621,09-02-2022 15:09:59
1461,1619,11-11-2022 10:38:36
1462,1889,08-03-2021 07:21:21
1463,1881,23-07-2022 01:15:40
1464,1583,29-04-2023 14:00:59
1465,259,21-04-2022 18:14:21
1466,987,03-06-2022 06:57:38
1467,1192,10-07-2020 13:21:36
1468,320,02-01-2021 03:04:37
1469,1157,25-07-2023 05:55:01
1470,790,02-03-2023 04:56:55
1471,150,24-06-2021 08:21:38
1472,555,01-08-2022 01:45:01
1473,19,09-09-2022 08:23:49
1474,909,24-08-2020 21:48:13
1475,44,23-07-2023 19:52:19
1476,175,07-05-2022 12:57:47
1477,77,13-11-2022 05:49:40
1478,471,25-10-2022 10:28:25
1479,1039,16-07-2023 19:48:29
1480,1269,17-01-2023 11:46:28
1481,487,29-06-2021 18:29:11
1482,1039,21-02-2023 17:33:33
1483,1981,21-03-2022 03:58:53
1484,1886,10-12-2023 13:12:53
1485,558,17-04-2022 13:33:59
1486,1315,16-04-2020 19:14:54
1487,1042,19-02-2020 17:34:40
1488,1901,20-01-2023 17:07:56
1489,525,24-02-2023 12:07:53
1490,1681,26-03-2023 01:59:50
1491,1179,11-08-2022 22:16:18
1492,390,08-01-2021 06:16:02
1493,959,31-10-2023 14:54:45
1494,1055,04-05-2021 19:51:23
1495,318,08-10-2020 00:21:00
1496,1051,25-07-2023 12:48:36
1497,624,12-03-2023 11:18:38
1498,365,02-04-2021 11:01:29
1499,515,22-10-2021 15:06:41
1500,465,02-09-2022 04:49:19
1501,1250,09-05-2021 12:17:48
1502,338,12-10-2023 12:21:17
1503,319,05-04-2020 04:35:28
1504,723,12-07-2022 00:48:07
1505,1782,22-10-2022 17:23:39
1506,1250,06-02-2020 11:56:00
1507,653,24-10-2023 04:11:12
1508,998,20-02-2020 09:34:18
1509,477,30-03-2020 15:00:58
1510,1294,31-01-2023 09:15:00
1511,1029,04-12-2022 17:29:46
1512,411,02-05-2021 11:07:58
1513,629,15-06-2022 01:29:40
1514,253,22-10-2022 01:35:20
1515,1573,19-04-2022 11:10:37
1516,1643,17-11-2021 19:52:58
1517,1268,06-04-2023 14:18:07
1518,1386,04-10-2021 16:44:27
1519,1836,18-02-2021 04:34:50
1520,718,15-08-2020 01:59:46
1521,1197,04-10-2022 20:45:21
1522,312,23-05-2022 16:05:26
1523,452,17-05-2023 07:19:38
1524,1493,12-09-2022 07:30:56
1525,714,23-11-2023 22:00:50
1526,1263,13-09-2021 22:06:01
1527,1554,07-06-2023 17:51:30
1528,1846,18-11-2020 05:43:10
1529,1019,31-05-2020 04:19:25
1530,1118,22-07-2022 15:36:25
1531,1598,04-03-2023 12:35:03
1532,237,18-03-2021 20:58:14
1533,1724,10-06-2022 05:37:49
1534,606,14-06-2023 16:39:49
1535,949,02-02-2022 12:39:17
1536,1157,14-03-2022 01:58:11
1537,1883,07-02-2022 15:28:30
1538,1211,19-08-2023 15:05:24
1539,693,13-06-2020 19:11:35
1540,1283,29-07-2022 20:11:20
1541,759,17-11-2021 20:28:59
1542,1837,23-06-2023 21:57:03
1543,541,04-10-2021 23:49:51
1544,954,19-02-2021 07:24:32
1545,1880,10-12-2023 18:09:33
1546,1093,18-04-2021 19:17:05
1547,985,26-09-2022 15:13:47
1548,1749,20-02-2021 14:27:05
1549,739,08-07-2021 10:11:26
1550,496,28-06-2023 13:07:17
1551,281,29-06-2020 02:52:19
1552,28,20-10-2022 18:18:21
1553,1915,23-10-2022 07:53:56
1554,936,28-05-2021 18:48:51
1555,833,02-07-2021 16:22:30
1556,1598,15-08-2023 09:22:53
1557,461,04-07-2022 19:19:48
1558,131,25-12-2021 07:18:21
1559,1361,08-09-2022 20:30:52
1560,1953,08-04-2023 21:22:20
1561,1214,20-03-2020 23:05:45
1562,749,03-04-2021 12:24:21
1563,923,11-07-2022 07:47:20
1564,1490,09-08-2020 05:36:30
1565,1071,08-02-2020 18:07:10
1566,1742,29-03-2021 00:07:12
1567,1370,17-05-2023 21:18:59
1568,804,13-01-2020 19:45:31
1569,927,14-06-2021 03:19:14
1570,1925,27-02-2022 01:14:49
1571,279,22-11-2021 04:42:09
1572,813,10-05-2020 02:30:32
1573,802,16-06-2021 15:30:33
1574,138,26-07-2020 22:40:22
1575,531,18-11-2020 01:11:18
1576,338,22-01-2021 10:51:00
1577,1689,08-08-2021 16:41:55
1578,891,10-11-2022 17:03:27
1579,368,21-12-2022 02:50:57
1580,1681,05-07-2023 13:20:31
1581,530,01-09-2021 09:28:05
1582,310,18-10-2022 06:44:04
1583,1850,05-08-2022 22:57:32
1584,1575,02-02-2020 19:09:53
1585,157,01-07-2020 00:09:39
1586,1440,24-07-2023 12:19:39
1587,1933,16-06-2021 23:16:42
1588,296,23-05-2021 13:04:55
1589,870,12-08-2022 16:45:20
1590,1120,22-11-2022 16:04:11
1591,1531,18-07-2020 13:33:54
1592,1083,30-04-2023 18:02:17
1593,1322,20-11-2020 16:35:11
1594,1197,20-04-2021 01:10:19
1595,257,31-03-2023 18:56:48
1596,935,11-04-2021 01:20:03
1597,831,21-07-2021 18:46:41
1598,1781,05-05-2023 04:21:11
1599,725,06-09-2023 07:24:46
1600,1006,27-05-2020 08:35:42
1601,98,29-09-2022 23:25:25
1602,1894,28-09-2020 11:11:45
1603,1257,29-11-2021 15:41:39
1604,1269,14-07-2023 21:55:44
1605,275,24-09-2021 17:11:19
1606,458,23-07-2022 11:25:33
1607,780,22-01-2021 14:41:55
1608,825,08-05-2023 04:16:56
1609,758,19-03-2022 23:16:40
1610,1465,16-12-2021 02:11:38
1611,1641,11-05-2020 06:56:19
1612,1300,29-11-2023 16:54:00
1613,1144,18-06-2022 09:45:29
1614,1567,20-03-2021 11:33:57
1615,1292,27-02-2022 11:31:46
1616,823,16-04-2023 13:15:42
1617,156,24-03-2021 03:00:58
1618,815,21-07-2020 03:32:07
1619,68,22-04-2022 01:16:15
1620,422,17-04-2023 21:43:38
1621,576,05-05-2021 13:39:40
1622,26,19-06-2022 08:05:31
1623,1090,18-01-2022 12:35:58
1624,825,22-11-2021 00:34:18
1625,1208,03-10-2020 20:12:29
1626,1682,09-09-2020 14:45:35
1627,745,21-07-2022 04:36:40
1628,1876,03-02-2021 15:13:04
1629,97,03-01-2023 09:40:35
1630,1608,03-11-2023 10:03:54
1631,653,25-12-2022 09:01:19
1632,604,27-04-2020 03:11:09
1633,1161,23-08-2023 21:05:50
1634,253,10-08-2023 09:41:12
1635,159,10-02-2020 14:37:44
1636,1992,18-01-2022 06:16:18
1637,410,29-02-2020 03:29:14
1638,912,23-10-2021 05:26:35
1639,1583,15-04-2023 23:46:35
1640,538,26-12-2021 21:14:56
1641,7,01-08-2020 03:30:05
1642,763,11-08-2021 15:38:33
1643,1121,28-10-2023 18:00:51
1644,487,01-07-2020 06:51:29
1645,1853,17-10-2022 21:50:53
1646,707,08-05-2020 13:17:01
1647,1141,22-12-2022 10:02:49
1648,823,13-02-2021 03:33:14
1649,1439,05-07-2022 15:55:55
1650,73,01-10-2020 16:12:16
1651,255,17-09-2020 14:47:06
1652,514,14-02-2021 04:30:24
1653,275,04-02-2021 21:03:59
1654,1586,05-06-2022 14:31:19
1655,1345,20-11-2021 18:58:38
1656,777,24-06-2023 17:53:16
1657,1812,12-12-2020 12:24:42
1658,1760,31-05-2022 00:33:13
1659,1205,09-07-2020 11:14:20
1660,1380,23-01-2022 05:04:44
1661,160,27-03-2021 17:13:32
1662,1398,08-07-2020 08:44:02
1663,365,14-02-2021 02:38:53
1664,1585,27-07-2020 02:14:13
1665,1602,02-11-2022 21:36:45
1666,1743,19-10-2023 02:03:26
1667,1442,14-10-2022 03:42:11
1668,853,03-06-2022 05:25:02
1669,1262,09-08-2020 03:23:22
1670,1964,21-03-2022 22:50:43
1671,64,01-01-2020 23:43:24
1672,1795,08-03-2023 07:36:14
1673,746,15-01-2023 09:35:42
1674,224,20-04-2023 23:16:42
1675,227,07-07-2023 18:23:22
1676,1261,25-11-2022 14:42:24
1677,1768,31-03-2021 05:18:15
1678,466,18-07-2020 20:38:11
1679,1526,25-08-2021 21:27:36
1680,753,21-07-2022 12:48:21
1681,893,19-06-2020 11:52:55
1682,685,07-09-2022 01:03:31
1683,174,14-01-2021 21:15:02
1684,1116,02-01-2020 04:02:10
1685,639,25-10-2023 11:06:14
1686,279,13-03-2021 07:12:47
1687,876,04-05-2021 21:13:28
1688,254,19-01-2021 02:39:31
1689,1678,17-02-2022 22:35:44
1690,1944,22-05-2021 01:58:36
1691,1383,23-02-2023 14:48:46
1692,1468,08-03-2021 21:57:44
1693,1330,15-05-2022 01:17:56
1694,204,10-02-2020 22:39:36
1695,1771,25-04-2021 07:35:01
1696,442,29-06-2021 09:03:22
1697,1007,12-05-2023 16:29:26
1698,862,29-05-2022 06:23:15
1699,1755,14-01-2020 08:53:56
1700,1429,25-06-2020 03:41:19
1701,1623,01-09-2020 03:15:51
1702,641,05-02-2020 18:09:05
1703,588,14-07-2022 16:26:20
1704,1112,07-08-2022 04:35:08
1705,611,07-08-2022 10:41:18
1706,1077,04-03-2021 21:44:58
1707,1542,23-09-2020 06:55:19
1708,1751,05-06-2022 23:21:41
1709,298,01-04-2020 23:35:59
1710,245,18-12-2020 12:01:12
1711,806,03-10-2020 07:04:44
1712,219,25-07-2022 17:44:31
1713,11,17-08-2020 16:12:43
1714,338,15-05-2023 05:39:11
1715,1567,02-12-2022 03:47:34
1716,1169,28-02-2022 10:52:25
1717,744,05-11-2023 07:58:46
1718,1515,21-08-2022 14:17:26
1719,1490,13-03-2021 01:51:08
1720,734,04-05-2023 15:05:34
1721,1889,28-11-2022 02:37:59
1722,1265,10-07-2020 22:26:15
1723,837,01-11-2022 17:17:56
1724,1254,03-06-2021 09:03:32
1725,1422,14-02-2022 07:10:11
1726,707,11-03-2022 20:24:05
1727,1791,26-04-2021 20:29:30
1728,783,15-09-2023 00:09:44
1729,401,26-11-2023 20:20:53
1730,900,24-03-2022 23:12:26
1731,1937,30-07-2023 04:02:56
1732,817,23-04-2021 06:46:24
1733,1926,08-09-2021 04:31:02
1734,1135,14-12-2022 17:09:30
1735,1961,28-04-2020 20:43:37
1736,358,15-01-2023 20:11:20
1737,1381,31-05-2020 10:45:41
1738,851,27-02-2020 04:42:13
1739,1213,31-10-2020 21:44:19
1740,281,25-02-2023 05:35:48
1741,800,12-06-2020 19:36:08
1742,280,20-03-2020 20:29:09
1743,944,15-10-2023 21:47:38
1744,18,26-07-2020 03:45:35
1745,328,06-12-2021 14:40:05
1746,1568,12-02-2020 02:05:55
1747,861,23-02-2021 00:07:19
1748,1063,21-12-2022 15:50:23
1749,1346,18-02-2022 15:07:29
1750,188,11-06-2021 03:19:49
1751,1271,04-03-2023 09:10:11
1752,358,16-06-2023 09:33:02
1753,945,03-07-2023 00:39:59
1754,1401,12-07-2023 03:29:40
1755,1076,08-10-2021 10:25:37
1756,1653,17-02-2023 20:46:43
1757,1138,20-07-2020 01:26:22
1758,657,05-11-2022 21:06:22
1759,883,22-05-2023 17:54:03
1760,1719,21-12-2020 09:49:24
1761,419,27-04-2023 17:36:00
1762,295,09-05-2020 18:40:43
1763,1546,13-04-2020 01:42:20
1764,831,19-02-2023 16:56:04
1765,612,09-10-2020 12:20:21
1766,750,10-06-2020 00:38:34
1767,1467,04-03-2023 19:15:35
1768,1109,31-07-2021 21:04:55
1769,1049,24-12-2022 16:21:32
1770,689,16-07-2022 14:33:46
1771,976,09-12-2021 12:54:07
1772,1105,28-07-2022 17:18:42
1773,1048,08-06-2023 11:45:25
1774,756,05-11-2023 17:05:40
1775,1618,13-04-2022 08:02:09
1776,931,27-06-2023 22:51:16
1777,412,20-08-2022 13:19:37
1778,1164,08-06-2022 13:14:24
1779,13,01-08-2020 07:03:48
1780,1393,30-11-2020 08:53:41
1781,1672,29-09-2021 09:12:58
1782,1773,17-10-2023 04:55:51
1783,1737,10-02-2022 23:50:56
1784,1463,11-11-2023 06:15:48
1785,1373,30-12-2021 17:22:31
1786,797,14-03-2021 23:26:55
1787,807,07-08-2021 10:40:51
1788,1648,05-01-2020 00:29:33
1789,46,20-04-2020 13:16:52
1790,1902,06-01-2023 21:22:45
1791,1493,03-08-2020 22:05:27
1792,536,04-07-2020 02:50:57
1793,1318,05-03-2021 23:13:39
1794,364,04-07-2023 19:01:07
1795,83,23-08-2022 04:16:04
1796,1269,16-03-2020 06:49:44
1797,268,13-03-2023 01:57:48
1798,222,06-03-2022 04:53:43
1799,1313,04-12-2021 10:44:11
1800,330,07-05-2022 06:21:11
1801,783,20-09-2021 09:22:31
1802,1746,17-12-2020 18:31:50
1803,48,15-07-2020 18:30:43
1804,940,28-01-2023 14:20:01
1805,1046,30-06-2020 04:36:11
1806,977,05-05-2021 16:17:11
1807,314,24-01-2021 22:34:13
1808,795,18-01-2020 00:51:52
1809,345,18-02-2023 19:32:54
1810,1347,02-07-2022 06:42:55
1811,847,15-03-2020 06:04:36
1812,540,08-01-2021 02:07:01
1813,1370,10-01-2021 12:41:33
1814,1154,01-08-2021 18:27:22
1815,969,08-08-2023 19:54:19
1816,147,24-10-2020 19:59:52
1817,810,06-08-2021 21:13:08
1818,1627,09-03-2023 14:48:30
1819,1627,14-11-2020 04:42:21
1820,779,17-04-2020 15:37:16
1821,1863,21-01-2020 20:51:33
1822,1316,19-04-2023 19:56:05
1823,1497,10-04-2020 19:53:49
1824,739,11-07-2022 17:36:18
1825,1695,13-05-2021 13:56:48
1826,326,26-10-2020 10:09:34
1827,3,06-04-2022 02:46:45
1828,1793,10-06-2021 21:12:21
1829,205,11-02-2020 04:16:14
1830,120,11-05-2023 21:36:42
1831,575,14-03-2020 17:42:01
1832,1817,18-06-2023 10:58:38
1833,1354,07-07-2021 03:57:34
1834,1106,08-12-2020 22:59:01
1835,67,26-06-2022 02:31:38
1836,65,21-01-2020 06:18:58
1837,1197,06-10-2022 14:54:03
1838,1832,29-12-2022 21:03:40
1839,409,17-03-2021 15:27:28
1840,1690,28-09-2022 08:16:53
1841,1631,13-05-2023 20:57:37
1842,1964,08-08-2020 00:22:18
1843,1835,25-12-2023 19:40:05
1844,350,09-08-2022 02:01:22
1845,1297,21-11-2023 17:03:44
1846,1164,30-09-2022 08:08:56
1847,1896,28-10-2023 21:43:37
1848,1528,17-05-2022 11:03:34
1849,1694,30-03-2020 14:58:51
1850,493,01-09-2021 04:19:06
1851,1098,23-05-2020 02:04:52
1852,822,22-08-2022 07:00:13
1853,245,30-07-2020 20:17:45
1854,1442,23-06-2021 21:10:01
1855,1290,16-05-2021 22:07:02
1856,1922,11-12-2022 23:29:44
1857,268,19-10-2021 19:13:15
1858,1049,01-08-2022 03:14:20
1859,809,06-04-2021 21:01:31
1860,1118,16-06-2023 14:05:47
1861,1902,15-01-2023 03:11:51
1862,1700,23-09-2023 01:08:25
1863,1396,11-08-2023 06:12:16
1864,1591,12-10-2022 15:24:15
1865,23,05-01-2023 02:42:38
1866,285,30-04-2023 19:31:16
1867,213,21-04-2023 18:27:01
1868,402,09-01-2022 14:35:25
1869,134,25-09-2020 20:30:56
1870,1756,27-01-2020 09:39:39
1871,1746,16-09-2021 10:38:46
1872,1395,06-01-2021 15:34:42
1873,256,12-04-2023 10:02:13
1874,1773,24-12-2021 09:41:39
1875,1309,22-10-2022 12:09:20
1876,435,20-01-2023 23:27:15
1877,1389,04-10-2022 15:43:35
1878,153,14-07-2023 17:59:20
1879,18,18-04-2023 09:27:58
1880,1575,04-03-2022 16:43:27
1881,1833,03-05-2022 07:05:42
1882,939,22-10-2022 09:28:13
1883,80,19-01-2022 08:00:32
1884,1414,15-10-2020 20:39:16
1885,1671,31-12-2023 14:51:09
1886,1239,24-10-2020 21:48:12
1887,547,01-05-2022 02:44:25
1888,1114,18-06-2022 14:23:11
1889,1810,14-09-2020 09:02:25
1890,1163,27-06-2023 03:14:45
1891,510,07-08-2022 22:33:07
1892,357,23-12-2022 09:01:10
1893,581,31-12-2021 18:30:42
1894,920,07-04-2023 22:28:10
1895,1194,12-06-2023 08:25:05
1896,1322,07-11-2022 23:35:54
1897,1669,09-12-2023 10:42:33
1898,1705,18-12-2022 15:10:43
1899,1911,05-01-2020 00:32:20
1900,1894,20-10-2020 07:39:42
1901,54,06-11-2020 08:14:44
1902,1093,03-12-2022 00:58:35
1903,690,28-09-2020 16:22:25
1904,294,11-02-2022 12:46:29
1905,940,07-08-2020 20:56:32
1906,1838,17-12-2023 23:41:08
1907,1036,12-03-2020 07:25:38
1908,876,27-06-2020 21:11:12
1909,750,13-06-2023 19:31:20
1910,1219,20-02-2022 21:11:46
1911,75,14-09-2021 06:14:12
1912,1037,14-11-2021 06:42:17
1913,668,04-08-2020 11:42:24
1914,176,04-10-2022 23:09:05
1915,1909,20-08-2022 10:33:13
1916,1906,12-09-2020 07:07:01
1917,1599,09-11-2021 14:41:08
1918,748,24-07-2022 20:56:59
1919,204,14-01-2023 08:49:14
1920,1201,01-10-2020 08:28:35
1921,1648,28-05-2021 22:37:36
1922,498,16-09-2022 00:23:23
1923,1476,22-10-2023 21:36:57
1924,853,23-08-2020 11:20:30
1925,1488,16-10-2021 06:54:23
1926,35,26-10-2023 18:59:21
1927,114,08-07-2022 16:21:18
1928,158,20-05-2020 10:21:10
1929,551,23-02-2021 18:11:58
1930,1435,03-08-2020 19:40:57
1931,40,19-06-2020 12:28:16
1932,1265,14-05-2020 22:02:07
1933,856,24-11-2021 13:25:57
1934,1441,15-12-2022 00:25:54
1935,921,19-05-2020 08:33:39
1936,579,19-02-2020 13:13:29
1937,83,12-12-2023 12:00:54
1938,1656,14-04-2023 10:43:14
1939,466,17-08-2021 20:09:47
1940,217,13-09-2021 05:01:31
1941,1758,16-09-2022 06:33:56
1942,1413,13-11-2022 00:54:38
1943,543,04-06-2022 09:58:07
1944,988,09-07-2021 21:59:05
1945,344,05-12-2023 05:56:48
1946,1512,20-03-2023 01:51:32
1947,874,30-08-2023 03:35:44
1948,166,18-01-2021 06:56:49
1949,499,23-03-2021 19:16:06
1950,1673,21-12-2023 15:42:06
1951,1414,13-09-2020 21:48:47
1952,1098,19-12-2023 19:35:27
1953,1222,08-08-2023 12:20:47
1954,734,22-06-2020 15:34:11
1955,43,20-09-2022 15:08:03
1956,590,28-06-2020 13:21:30
1957,490,01-11-2021 11:49:03
1958,182,26-12-2022 10:31:21
1959,39,27-12-2021 13:43:39
1960,1400,29-01-2020 03:10:04
1961,344,28-07-2020 14:58:10
1962,1272,04-11-2022 10:21:58
1963,1974,26-08-2021 08:51:15
1964,1336,05-08-2022 11:13:12
1965,973,09-10-2021 10:34:03
1966,748,10-02-2023 13:19:16
1967,1848,20-04-2021 16:00:44
1968,1955,01-12-2020 09:43:17
1969,1570,03-12-2020 05:40:32
1970,1339,24-11-2022 22:32:09
1971,56,24-11-2020 10:46:37
1972,280,28-06-2020 19:10:16
1973,531,23-02-2020 20:38:43
1974,44,12-07-2022 23:10:51
1975,222,01-10-2021 13:35:56
1976,1637,03-05-2020 19:09:48
1977,1544,03-10-2020 20:23:13
1978,1585,15-08-2020 22:12:14
1979,783,05-05-2020 18:14:15
1980,400,09-09-2022 08:54:52
1981,839,15-06-2023 08:20:43
1982,1520,22-06-2023 02:16:19
1983,16,03-08-2022 22:08:52
1984,432,24-12-2020 00:58:27
1985,816,23-05-2022 03:48:26
1986,552,25-01-2020 04:42:28
1987,1609,25-12-2022 10:51:17
1988,1864,25-09-2021 20:14:22
1989,1672,28-03-2020 09:34:37
1990,775,20-10-2021 05:21:47
1991,1858,18-11-2020 01:34:32
1992,398,07-12-2022 04:41:03
1993,910,21-12-2021 02:23:50
1994,755,17-04-2020 23:44:50
1995,1300,26-11-2022 21:12:14
1996,1897,28-03-2020 05:56:00
1997,109,05-12-2021 03:08:25
1998,1122,23-07-2023 21:29:48
1999,987,20-11-2021 06:16:03
2000,1647,17-02-2020 20:47:04
